{"cameraMode":{"drawMode":0,"name":"Shaded","section":"Shading Mode"},"sceneLighting":true,"audioPlay":false,"sceneViewState":{"m_AlwaysRefresh":false,"showFog":true,"showSkybox":true,"showFlares":true,"showImageEffects":true,"showParticleSystems":true,"showVisualEffectGraphs":true,"m_FxEnabled":true},"in2DMode":false,"pivot":{"x":-2.460791826248169,"y":4.89418888092041,"z":0.8766010403633118},"rotation":{"x":-0.010185900144279004,"y":-0.02545151859521866,"z":-0.00048746803076937795,"w":1.0002957582473755},"size":2.3463387489318849,"orthographic":true}